<?xml version="1.0" encoding="UTF-8"?>
<project version="4">
  <component name="ChangeListManager">
    <list default="true" id="a1d23584-5004-43bc-a3e5-a820272af533" name="Default" comment="" />
    <ignored path="$PROJECT_DIR$/out/" />
    <option name="EXCLUDED_CONVERTED_TO_IGNORED" value="true" />
    <option name="TRACKING_ENABLED" value="true" />
    <option name="SHOW_DIALOG" value="false" />
    <option name="HIGHLIGHT_CONFLICTS" value="true" />
    <option name="HIGHLIGHT_NON_ACTIVE_CHANGELIST" value="false" />
    <option name="LAST_RESOLUTION" value="IGNORE" />
  </component>
  <component name="FileEditorManager">
    <leaf SIDE_TABS_SIZE_LIMIT_KEY="300">
      <file leaf-file-name="首页.html" pinned="false" current-in-tab="false">
        <entry file="file://$PROJECT_DIR$/.idea/首页.html">
          <provider selected="true" editor-type-id="text-editor">
            <state relative-caret-position="600">
              <caret line="40" column="12" selection-start-line="40" selection-start-column="12" selection-end-line="40" selection-end-column="12" />
            </state>
          </provider>
        </entry>
      </file>
      <file leaf-file-name="注册.html" pinned="false" current-in-tab="true">
        <entry file="file://$PROJECT_DIR$/.idea/注册.html">
          <provider selected="true" editor-type-id="text-editor">
            <state relative-caret-position="154">
              <caret line="13" column="13" lean-forward="true" selection-start-line="13" selection-start-column="13" selection-end-line="13" selection-end-column="13" />
            </state>
          </provider>
        </entry>
      </file>
      <file leaf-file-name="注册.js" pinned="false" current-in-tab="false">
        <entry file="file://$PROJECT_DIR$/.idea/注册.js">
          <provider selected="true" editor-type-id="text-editor">
            <state relative-caret-position="240">
              <caret line="16" selection-start-line="16" selection-end-line="16" />
            </state>
          </provider>
        </entry>
      </file>
      <file leaf-file-name="登陆后首页.html" pinned="false" current-in-tab="false">
        <entry file="file://$PROJECT_DIR$/.idea/登陆后首页.html">
          <provider selected="true" editor-type-id="text-editor">
            <state relative-caret-position="90">
              <caret line="6" column="6" selection-start-line="6" selection-start-column="6" selection-end-line="6" selection-end-column="6" />
            </state>
          </provider>
        </entry>
      </file>
      <file leaf-file-name="首页.css" pinned="false" current-in-tab="false">
        <entry file="file://$PROJECT_DIR$/.idea/首页.css">
          <provider selected="true" editor-type-id="text-editor">
            <state relative-caret-position="315">
              <caret line="21" column="34" selection-start-line="21" selection-start-column="34" selection-end-line="21" selection-end-column="34" />
            </state>
          </provider>
        </entry>
      </file>
    </leaf>
  </component>
  <component name="FileTemplateManagerImpl">
    <option name="RECENT_TEMPLATES">
      <list>
        <option value="JavaScript File" />
        <option value="CSS File" />
        <option value="HTML File" />
      </list>
    </option>
  </component>
  <component name="IdeDocumentHistory">
    <option name="CHANGED_PATHS">
      <list>
        <option value="$USER_HOME$/Downloads/焦点登录/index.html" />
        <option value="$PROJECT_DIR$/.idea/首页.html" />
        <option value="$PROJECT_DIR$/.idea/首页.css" />
        <option value="$PROJECT_DIR$/.idea/注册.js" />
        <option value="$PROJECT_DIR$/.idea/注册.css" />
        <option value="$PROJECT_DIR$/.idea/忘记密码.css" />
        <option value="$PROJECT_DIR$/.idea/忘记密码.html" />
        <option value="$PROJECT_DIR$/.idea/登陆后首页.html" />
        <option value="$PROJECT_DIR$/.idea/注册.html" />
      </list>
    </option>
  </component>
  <component name="JsBuildToolGruntFileManager" detection-done="true" sorting="DEFINITION_ORDER" />
  <component name="JsBuildToolPackageJson" detection-done="true" sorting="DEFINITION_ORDER" />
  <component name="JsGulpfileManager">
    <detection-done>true</detection-done>
    <sorting>DEFINITION_ORDER</sorting>
  </component>
  <component name="NodePackageJsonFileManager">
    <packageJsonPaths />
  </component>
  <component name="ProjectFrameBounds">
    <option name="x" value="62" />
    <option name="y" value="58" />
    <option name="width" value="1084" />
    <option name="height" value="611" />
  </component>
  <component name="ProjectView">
    <navigator proportions="" version="1">
      <foldersAlwaysOnTop value="true" />
    </navigator>
    <panes>
      <pane id="ProjectPane">
        <subPane>
          <expand>
            <path>
              <item name="meet movies" type="b2602c69:ProjectViewProjectNode" />
              <item name="meet movies" type="462c0819:PsiDirectoryNode" />
            </path>
            <path>
              <item name="meet movies" type="b2602c69:ProjectViewProjectNode" />
              <item name="meet movies" type="462c0819:PsiDirectoryNode" />
              <item name=".idea" type="462c0819:PsiDirectoryNode" />
            </path>
          </expand>
          <select />
        </subPane>
      </pane>
      <pane id="PackagesPane" />
      <pane id="Scope" />
      <pane id="AndroidView" />
    </panes>
  </component>
  <component name="PropertiesComponent">
    <property name="DefaultHtmlFileTemplate" value="HTML File" />
    <property name="WebServerToolWindowFactoryState" value="false" />
    <property name="aspect.path.notification.shown" value="true" />
    <property name="last_opened_file_path" value="$PROJECT_DIR$" />
    <property name="list.type.of.created.stylesheet" value="CSS" />
    <property name="nodejs_interpreter_path.stuck_in_default_project" value="undefined stuck path" />
    <property name="nodejs_npm_path_reset_for_default_project" value="true" />
    <property name="settings.editor.selected.configurable" value="preferences.sourceCode" />
  </component>
  <component name="RecentsManager">
    <key name="CopyFile.RECENT_KEYS">
      <recent name="$PROJECT_DIR$/.idea" />
      <recent name="$USER_HOME$/Downloads/焦点登录/img" />
    </key>
  </component>
  <component name="RunDashboard">
    <option name="ruleStates">
      <list>
        <RuleState>
          <option name="name" value="ConfigurationTypeDashboardGroupingRule" />
        </RuleState>
        <RuleState>
          <option name="name" value="StatusDashboardGroupingRule" />
        </RuleState>
      </list>
    </option>
  </component>
  <component name="RunManager">
    <configuration default="true" type="Application" factoryName="Application">
      <option name="WORKING_DIRECTORY" value="$PROJECT_DIR$" />
    </configuration>
    <configuration default="true" type="JUnit" factoryName="JUnit">
      <option name="ALTERNATIVE_JRE_PATH_ENABLED" value="false" />
      <option name="ALTERNATIVE_JRE_PATH" />
      <option name="PACKAGE_NAME" />
      <option name="MAIN_CLASS_NAME" />
      <option name="METHOD_NAME" />
      <option name="TEST_OBJECT" value="class" />
      <option name="VM_PARAMETERS" value="-ea" />
      <option name="PARAMETERS" />
      <option name="WORKING_DIRECTORY" value="%MODULE_WORKING_DIR%" />
      <option name="PASS_PARENT_ENVS" value="true" />
      <option name="TEST_SEARCH_SCOPE">
        <value defaultName="singleModule" />
      </option>
      <patterns />
    </configuration>
    <configuration name="首页.html" type="JavascriptDebugType" factoryName="JavaScript Debug" temporary="true" nameIsGenerated="true" uri="http://localhost:63342/meet movies/.idea/首页.html" />
    <configuration name="注册.html" type="JavascriptDebugType" factoryName="JavaScript Debug" temporary="true" nameIsGenerated="true" uri="http://localhost:63342/meet movies/.idea/注册.html" />
    <configuration name="注册.html" type="JavascriptDebugType" factoryName="JavaScript Debug" temporary="true" nameIsGenerated="true" uri="http://localhost:63342/meet movies/.idea/注册.html" />
    <configuration name="注册.html" type="JavascriptDebugType" factoryName="JavaScript Debug" temporary="true" nameIsGenerated="true" uri="http://localhost:63342/meet movies/.idea/注册.html" />
    <configuration name="注册.html" type="JavascriptDebugType" factoryName="JavaScript Debug" temporary="true" nameIsGenerated="true" uri="http://localhost:63342/meet movies/.idea/注册.html" />
    <configuration name="注册.html" type="JavascriptDebugType" factoryName="JavaScript Debug" temporary="true" nameIsGenerated="true" uri="http://localhost:63342/meet movies/.idea/注册.html" />
    <configuration default="true" type="TestNG" factoryName="TestNG">
      <option name="ALTERNATIVE_JRE_PATH_ENABLED" value="false" />
      <option name="ALTERNATIVE_JRE_PATH" />
      <option name="SUITE_NAME" />
      <option name="PACKAGE_NAME" />
      <option name="MAIN_CLASS_NAME" />
      <option name="METHOD_NAME" />
      <option name="GROUP_NAME" />
      <option name="TEST_OBJECT" value="CLASS" />
      <option name="VM_PARAMETERS" value="-ea" />
      <option name="PARAMETERS" />
      <option name="WORKING_DIRECTORY" value="%MODULE_WORKING_DIR%" />
      <option name="OUTPUT_DIRECTORY" />
      <option name="PASS_PARENT_ENVS" value="true" />
      <option name="TEST_SEARCH_SCOPE">
        <value defaultName="singleModule" />
      </option>
      <option name="USE_DEFAULT_REPORTERS" value="false" />
      <option name="PROPERTIES_FILE" />
      <properties />
      <listeners />
    </configuration>
    <recent_temporary>
      <list>
        <item itemvalue="JavaScript Debug.首页.html" />
      </list>
    </recent_temporary>
  </component>
  <component name="SvnConfiguration">
    <configuration />
  </component>
  <component name="TaskManager">
    <task active="true" id="Default" summary="Default task">
      <changelist id="a1d23584-5004-43bc-a3e5-a820272af533" name="Default" comment="" />
      <created>1530014243436</created>
      <option name="number" value="Default" />
      <option name="presentableId" value="Default" />
      <updated>1530014243436</updated>
      <workItem from="1530014247555" duration="408000" />
      <workItem from="1530015103781" duration="4666000" />
      <workItem from="1530020296334" duration="2000" />
      <workItem from="1530020320020" duration="3392000" />
      <workItem from="1530147679202" duration="5043000" />
      <workItem from="1530168319116" duration="2477000" />
      <workItem from="1530232284539" duration="2010000" />
      <workItem from="1530243491536" duration="39000" />
      <workItem from="1530243760986" duration="4822000" />
      <workItem from="1530260727076" duration="1824000" />
      <workItem from="1530322451843" duration="1156000" />
      <workItem from="1530493445251" duration="1039000" />
      <workItem from="1530500490759" duration="1281000" />
    </task>
    <servers />
  </component>
  <component name="TimeTrackingManager">
    <option name="totallyTimeSpent" value="28159000" />
  </component>
  <component name="ToolWindowManager">
    <frame x="62" y="58" width="1084" height="611" extended-state="0" />
    <editor active="true" />
    <layout>
      <window_info anchor="right" id="Palette" order="3" />
      <window_info anchor="bottom" id="TODO" order="6" />
      <window_info anchor="right" id="Palette&#9;" order="8" />
      <window_info id="Image Layers" order="2" />
      <window_info anchor="right" id="Capture Analysis" order="4" />
      <window_info anchor="bottom" id="Event Log" order="10" side_tool="true" />
      <window_info anchor="right" id="Maven Projects" order="7" />
      <window_info anchor="bottom" id="Database Changes" order="8" show_stripe_button="false" />
      <window_info anchor="bottom" id="Run" order="2" />
      <window_info anchor="bottom" id="Version Control" order="7" show_stripe_button="false" />
      <window_info anchor="bottom" id="Terminal" order="9" />
      <window_info id="Capture Tool" order="6" />
      <window_info id="Designer" order="3" />
      <window_info active="true" content_ui="combo" id="Project" order="0" visible="true" weight="0.25" />
      <window_info anchor="right" id="Database" order="6" />
      <window_info id="Structure" order="1" side_tool="true" weight="0.25" />
      <window_info anchor="right" id="Ant Build" order="1" weight="0.25" />
      <window_info id="UI Designer" order="4" />
      <window_info anchor="right" id="Theme Preview" order="5" />
      <window_info anchor="bottom" id="Debug" order="3" weight="0.4" />
      <window_info id="Favorites" order="5" side_tool="true" />
      <window_info anchor="right" content_ui="combo" id="Hierarchy" order="2" weight="0.25" />
      <window_info anchor="bottom" id="Inspection" order="5" weight="0.4" />
      <window_info anchor="right" id="Commander" internal_type="SLIDING" order="0" type="SLIDING" weight="0.4" />
      <window_info anchor="bottom" id="Message" order="0" />
      <window_info anchor="bottom" id="Cvs" order="4" weight="0.25" />
      <window_info anchor="bottom" id="Find" order="1" />
    </layout>
    <layout-to-restore>
      <window_info anchor="right" id="Palette" order="3" />
      <window_info anchor="right" content_ui="combo" id="Hierarchy" order="2" weight="0.25" />
      <window_info anchor="right" id="Capture Analysis" order="4" />
      <window_info anchor="bottom" id="Version Control" order="7" show_stripe_button="false" />
      <window_info anchor="right" id="Theme Preview" order="5" />
      <window_info anchor="bottom" id="Message" order="0" />
      <window_info active="true" content_ui="combo" id="Project" order="0" visible="true" weight="0.25" />
      <window_info id="Structure" order="1" side_tool="true" weight="0.25" />
      <window_info anchor="right" id="Commander" internal_type="SLIDING" order="0" type="SLIDING" weight="0.4" />
      <window_info anchor="right" id="Ant Build" order="1" weight="0.25" />
      <window_info anchor="bottom" id="TODO" order="6" />
      <window_info anchor="bottom" id="Run" order="2" />
      <window_info id="Image Layers" order="2" />
      <window_info id="Designer" order="3" />
      <window_info id="UI Designer" order="4" />
      <window_info anchor="bottom" id="Database Changes" order="8" show_stripe_button="false" />
      <window_info anchor="bottom" id="Debug" order="3" weight="0.4" />
      <window_info anchor="right" id="Palette&#9;" order="8" />
      <window_info anchor="bottom" id="Terminal" order="9" />
      <window_info anchor="bottom" id="Event Log" order="10" side_tool="true" />
      <window_info anchor="bottom" id="Inspection" order="5" weight="0.4" />
      <window_info anchor="bottom" id="Cvs" order="4" weight="0.25" />
      <window_info id="Capture Tool" order="6" />
      <window_info anchor="bottom" id="Find" order="1" />
      <window_info anchor="right" id="Database" order="6" />
      <window_info anchor="right" id="Maven Projects" order="7" />
      <window_info id="Favorites" order="5" side_tool="true" />
    </layout-to-restore>
  </component>
  <component name="TypeScriptGeneratedFilesManager">
    <option name="version" value="1" />
  </component>
  <component name="VcsContentAnnotationSettings">
    <option name="myLimit" value="2678400000" />
  </component>
  <component name="editorHistoryManager">
    <entry file="file://$PROJECT_DIR$/.idea/登陆后首页.html">
      <provider selected="true" editor-type-id="text-editor">
        <state relative-caret-position="90">
          <caret line="6" column="6" selection-start-line="6" selection-start-column="6" selection-end-line="6" selection-end-column="6" />
        </state>
      </provider>
    </entry>
    <entry file="file://$PROJECT_DIR$/.idea/首页.css">
      <provider selected="true" editor-type-id="text-editor">
        <state relative-caret-position="315">
          <caret line="21" column="34" selection-start-line="21" selection-start-column="34" selection-end-line="21" selection-end-column="34" />
        </state>
      </provider>
    </entry>
    <entry file="file://$PROJECT_DIR$/.idea/注册.html">
      <provider selected="true" editor-type-id="text-editor">
        <state relative-caret-position="90">
          <caret line="6" column="56" lean-forward="true" selection-start-line="6" selection-start-column="56" selection-end-line="6" selection-end-column="56" />
        </state>
      </provider>
    </entry>
    <entry file="file://$PROJECT_DIR$/.idea/首页.html">
      <provider selected="true" editor-type-id="text-editor">
        <state relative-caret-position="600">
          <caret line="40" column="12" selection-start-line="40" selection-start-column="12" selection-end-line="40" selection-end-column="12" />
        </state>
      </provider>
    </entry>
    <entry file="file://$PROJECT_DIR$/.idea/注册.js">
      <provider selected="true" editor-type-id="text-editor">
        <state relative-caret-position="240">
          <caret line="16" selection-start-line="16" selection-end-line="16" />
        </state>
      </provider>
    </entry>
    <entry file="file://$PROJECT_DIR$/.idea/登陆后首页.html">
      <provider selected="true" editor-type-id="text-editor">
        <state relative-caret-position="90">
          <caret line="6" column="6" selection-start-line="6" selection-start-column="6" selection-end-line="6" selection-end-column="6" />
        </state>
      </provider>
    </entry>
    <entry file="file://$PROJECT_DIR$/.idea/首页.css">
      <provider selected="true" editor-type-id="text-editor">
        <state relative-caret-position="315">
          <caret line="21" column="34" selection-start-line="21" selection-start-column="34" selection-end-line="21" selection-end-column="34" />
        </state>
      </provider>
    </entry>
    <entry file="file://$PROJECT_DIR$/.idea/注册.html">
      <provider selected="true" editor-type-id="text-editor">
        <state relative-caret-position="315">
          <caret line="21" column="3" lean-forward="true" selection-start-line="21" selection-start-column="3" selection-end-line="21" selection-end-column="3" />
        </state>
      </provider>
    </entry>
    <entry file="file://$PROJECT_DIR$/.idea/首页.html">
      <provider selected="true" editor-type-id="text-editor">
        <state relative-caret-position="600">
          <caret line="40" column="12" selection-start-line="40" selection-start-column="12" selection-end-line="40" selection-end-column="12" />
        </state>
      </provider>
    </entry>
    <entry file="file://$PROJECT_DIR$/.idea/注册.html">
      <provider selected="true" editor-type-id="text-editor">
        <state relative-caret-position="420">
          <caret line="28" column="25" lean-forward="true" selection-start-line="28" selection-start-column="25" selection-end-line="28" selection-end-column="25" />
        </state>
      </provider>
    </entry>
    <entry file="file://$PROJECT_DIR$/.idea/注册.js">
      <provider selected="true" editor-type-id="text-editor">
        <state relative-caret-position="240">
          <caret line="16" lean-forward="true" selection-start-line="16" selection-end-line="16" />
        </state>
      </provider>
    </entry>
    <entry file="file://$PROJECT_DIR$/.idea/首页.css">
      <provider selected="true" editor-type-id="text-editor">
        <state relative-caret-position="315">
          <caret line="21" column="34" selection-start-line="21" selection-start-column="34" selection-end-line="21" selection-end-column="34" />
        </state>
      </provider>
    </entry>
    <entry file="file://$PROJECT_DIR$/.idea/登陆后首页.html">
      <provider selected="true" editor-type-id="text-editor">
        <state relative-caret-position="90">
          <caret line="6" column="6" selection-start-line="6" selection-start-column="6" selection-end-line="6" selection-end-column="6" />
        </state>
      </provider>
    </entry>
    <entry file="file://$PROJECT_DIR$/.idea/首页.html">
      <provider selected="true" editor-type-id="text-editor">
        <state relative-caret-position="600">
          <caret line="40" column="12" lean-forward="true" selection-start-line="40" selection-start-column="12" selection-end-line="40" selection-end-column="12" />
        </state>
      </provider>
    </entry>
    <entry file="file://$PROJECT_DIR$/.idea/登陆后首页.html">
      <provider selected="true" editor-type-id="text-editor">
        <state relative-caret-position="90">
          <caret line="6" column="6" lean-forward="true" selection-start-line="6" selection-start-column="6" selection-end-line="6" selection-end-column="6" />
        </state>
      </provider>
    </entry>
    <entry file="file://$PROJECT_DIR$/.idea/首页.html">
      <provider selected="true" editor-type-id="text-editor">
        <state relative-caret-position="150">
          <caret line="10" selection-start-line="10" selection-end-line="10" />
        </state>
      </provider>
    </entry>
    <entry file="file://$PROJECT_DIR$/.idea/modules.xml">
      <provider selected="true" editor-type-id="text-editor" />
    </entry>
    <entry file="file://$PROJECT_DIR$/.idea/注册.html">
      <provider selected="true" editor-type-id="text-editor">
        <state relative-caret-position="900">
          <caret line="60" column="25" selection-start-line="60" selection-start-column="25" selection-end-line="60" selection-end-column="25" />
        </state>
      </provider>
    </entry>
    <entry file="file://$PROJECT_DIR$/.idea/首页.css">
      <provider selected="true" editor-type-id="text-editor">
        <state relative-caret-position="315">
          <caret line="21" column="34" selection-start-line="21" selection-start-column="34" selection-end-line="21" selection-end-column="34" />
        </state>
      </provider>
    </entry>
    <entry file="file://$PROJECT_DIR$/.idea/注册.js">
      <provider selected="true" editor-type-id="text-editor">
        <state relative-caret-position="135">
          <caret line="9" column="21" lean-forward="true" selection-start-line="9" selection-start-column="21" selection-end-line="9" selection-end-column="21" />
        </state>
      </provider>
    </entry>
    <entry file="file://$PROJECT_DIR$/.idea/首页.html">
      <provider selected="true" editor-type-id="text-editor">
        <state relative-caret-position="150">
          <caret line="10" lean-forward="true" selection-start-line="10" selection-end-line="10" />
        </state>
      </provider>
    </entry>
    <entry file="file://$PROJECT_DIR$/.idea/modules.xml">
      <provider selected="true" editor-type-id="text-editor" />
    </entry>
    <entry file="file://$PROJECT_DIR$/.idea/注册.html">
      <provider selected="true" editor-type-id="text-editor">
        <state relative-caret-position="900">
          <caret line="60" column="25" lean-forward="true" selection-start-line="60" selection-start-column="25" selection-end-line="60" selection-end-column="25" />
        </state>
      </provider>
    </entry>
    <entry file="file://$PROJECT_DIR$/.idea/首页.css">
      <provider selected="true" editor-type-id="text-editor">
        <state relative-caret-position="315">
          <caret line="21" column="34" selection-start-line="21" selection-start-column="34" selection-end-line="21" selection-end-column="34" />
        </state>
      </provider>
    </entry>
    <entry file="file://$PROJECT_DIR$/.idea/注册.js">
      <provider selected="true" editor-type-id="text-editor">
        <state relative-caret-position="135">
          <caret line="9" column="7" selection-start-line="9" selection-start-column="7" selection-end-line="9" selection-end-column="7" />
        </state>
      </provider>
    </entry>
    <entry file="file://$PROJECT_DIR$/.idea/首页.html">
      <provider selected="true" editor-type-id="text-editor">
        <state relative-caret-position="375">
          <caret line="25" column="28" lean-forward="true" selection-start-line="25" selection-start-column="28" selection-end-line="25" selection-end-column="28" />
        </state>
      </provider>
    </entry>
    <entry file="file://$PROJECT_DIR$/.idea/注册.html">
      <provider selected="true" editor-type-id="text-editor">
        <state relative-caret-position="555">
          <caret line="37" column="7" selection-start-line="37" selection-start-column="7" selection-end-line="37" selection-end-column="7" />
        </state>
      </provider>
    </entry>
    <entry file="file://$PROJECT_DIR$/.idea/首页.css">
      <provider selected="true" editor-type-id="text-editor">
        <state relative-caret-position="315">
          <caret line="21" column="34" selection-start-line="21" selection-start-column="34" selection-end-line="21" selection-end-column="34" />
        </state>
      </provider>
    </entry>
    <entry file="file://$PROJECT_DIR$/.idea/首页.html">
      <provider selected="true" editor-type-id="text-editor">
        <state relative-caret-position="60">
          <caret line="4" column="58" lean-forward="true" selection-start-line="4" selection-start-column="4" selection-end-line="4" selection-end-column="58" />
        </state>
      </provider>
    </entry>
    <entry file="file://$PROJECT_DIR$/.idea/注册.html">
      <provider selected="true" editor-type-id="text-editor">
        <state relative-caret-position="60">
          <caret line="4" column="16" selection-start-line="4" selection-start-column="11" selection-end-line="4" selection-end-column="16" />
        </state>
      </provider>
    </entry>
    <entry file="file://$PROJECT_DIR$/.idea/首页.css">
      <provider selected="true" editor-type-id="text-editor">
        <state relative-caret-position="315">
          <caret line="21" column="34" selection-start-line="21" selection-start-column="34" selection-end-line="21" selection-end-column="34" />
        </state>
      </provider>
    </entry>
    <entry file="file://$PROJECT_DIR$/.idea/忘记密码.html" />
    <entry file="file://$PROJECT_DIR$/.idea/首页.html">
      <provider selected="true" editor-type-id="text-editor">
        <state relative-caret-position="315">
          <caret line="21" column="14" lean-forward="true" selection-start-line="21" selection-start-column="14" selection-end-line="21" selection-end-column="14" />
        </state>
      </provider>
    </entry>
    <entry file="file://$PROJECT_DIR$/.idea/首页.css">
      <provider selected="true" editor-type-id="text-editor">
        <state relative-caret-position="150">
          <caret line="10" column="24" lean-forward="true" selection-start-line="10" selection-start-column="24" selection-end-line="10" selection-end-column="24" />
        </state>
      </provider>
    </entry>
    <entry file="file://$PROJECT_DIR$/.idea/首页.html">
      <provider selected="true" editor-type-id="text-editor">
        <state relative-caret-position="300">
          <caret line="20" column="10" selection-start-line="20" selection-start-column="10" selection-end-line="20" selection-end-column="10" />
        </state>
      </provider>
    </entry>
    <entry file="file://$PROJECT_DIR$/.idea/首页.css">
      <provider selected="true" editor-type-id="text-editor">
        <state relative-caret-position="225">
          <caret line="15" column="18" selection-start-line="15" selection-start-column="18" selection-end-line="15" selection-end-column="18" />
        </state>
      </provider>
    </entry>
    <entry file="file://$PROJECT_DIR$/.idea/首页.html">
      <provider selected="true" editor-type-id="text-editor">
        <state relative-caret-position="300">
          <caret line="20" column="10" lean-forward="true" selection-start-line="20" selection-start-column="10" selection-end-line="20" selection-end-column="10" />
        </state>
      </provider>
    </entry>
    <entry file="file://$PROJECT_DIR$/.idea/首页.css">
      <provider selected="true" editor-type-id="text-editor">
        <state relative-caret-position="225">
          <caret line="15" column="18" selection-start-line="15" selection-start-column="18" selection-end-line="15" selection-end-column="18" />
        </state>
      </provider>
    </entry>
    <entry file="file://$PROJECT_DIR$/.idea/首页.html">
      <provider selected="true" editor-type-id="text-editor">
        <state relative-caret-position="135">
          <caret line="9" column="7" lean-forward="true" selection-start-line="9" selection-start-column="7" selection-end-line="9" selection-end-column="7" />
        </state>
      </provider>
    </entry>
    <entry file="file://$PROJECT_DIR$/1.jpeg" />
    <entry file="file://$USER_HOME$/Downloads/焦点登录/index.html">
      <provider selected="true" editor-type-id="text-editor">
        <state relative-caret-position="60">
          <caret line="4" column="11" lean-forward="true" selection-start-line="4" selection-start-column="11" selection-end-line="4" selection-end-column="11" />
        </state>
      </provider>
    </entry>
    <entry file="file://$PROJECT_DIR$/.idea/1.jpg">
      <provider selected="true" editor-type-id="images" />
    </entry>
    <entry file="file://$PROJECT_DIR$/.idea/modules.xml">
      <provider selected="true" editor-type-id="text-editor" />
    </entry>
    <entry file="file://$PROJECT_DIR$/.idea/注册.css">
      <provider selected="true" editor-type-id="text-editor">
        <state relative-caret-position="52">
          <caret line="106" column="39" lean-forward="true" selection-start-line="106" selection-start-column="39" selection-end-line="106" selection-end-column="39" />
        </state>
      </provider>
    </entry>
    <entry file="file://$PROJECT_DIR$/.idea/忘记密码.html" />
    <entry file="file://$PROJECT_DIR$/.idea/忘记密码.css" />
    <entry file="file://$PROJECT_DIR$/.idea/注册.js">
      <provider selected="true" editor-type-id="text-editor">
        <state relative-caret-position="240">
          <caret line="16" selection-start-line="16" selection-end-line="16" />
        </state>
      </provider>
    </entry>
    <entry file="file://$PROJECT_DIR$/.idea/首页.html">
      <provider selected="true" editor-type-id="text-editor">
        <state relative-caret-position="600">
          <caret line="40" column="12" selection-start-line="40" selection-start-column="12" selection-end-line="40" selection-end-column="12" />
        </state>
      </provider>
    </entry>
    <entry file="file://$PROJECT_DIR$/.idea/首页.css">
      <provider selected="true" editor-type-id="text-editor">
        <state relative-caret-position="315">
          <caret line="21" column="34" selection-start-line="21" selection-start-column="34" selection-end-line="21" selection-end-column="34" />
        </state>
      </provider>
    </entry>
    <entry file="file://$PROJECT_DIR$/.idea/登陆后首页.html">
      <provider selected="true" editor-type-id="text-editor">
        <state relative-caret-position="90">
          <caret line="6" column="6" selection-start-line="6" selection-start-column="6" selection-end-line="6" selection-end-column="6" />
        </state>
      </provider>
    </entry>
    <entry file="file://$PROJECT_DIR$/.idea/注册.html">
      <provider selected="true" editor-type-id="text-editor">
        <state relative-caret-position="154">
          <caret line="13" column="13" lean-forward="true" selection-start-line="13" selection-start-column="13" selection-end-line="13" selection-end-column="13" />
        </state>
      </provider>
    </entry>
  </component>
</project>